Abernant, AL
Abernant, AL
Abernant, AL
Addison, AL
Adger, AL
Akron, AL
Alabaster, AL
Alberta, AL
Albertville, AL
Alexander City, AL
Aliceville, AL
Alma, AL
Alpine, AL
Alton, AL
Altoona, AL
Andalusia, AL
Anderson, AL
Annemanie, AL
Arab, AL
Ardmore, AL
Ariton, AL
Arley, AL
Arlington, AL
Ashford, AL
Ashland, AL
Athens, AL
Atmore, AL
Attalla, AL
Auburn, AL
Auburn University, AL
Axis, AL
Baileyton, AL
Banks, AL
Bankston, AL
Bayou La Batre, AL
Bear Creek, AL
Beatrice, AL
Beaverton, AL
Belk, AL
Bellamy, AL
Belle Mina, AL
Bellwood, AL
Berry, AL
Birmingham, AL
Black, AL
Boaz, AL
Boligee, AL
Bon Air, AL
Boykin, AL
Brantley, AL
Bremen, AL
Brent, AL
Brewton, AL
Bridgeport, AL
Brierfield, AL
Brilliant, AL
Brooklyn, AL
Brookside, AL
Brookwood, AL
Brownsboro, AL
Brundidge, AL
Bryant, AL
Bucks, AL
Buhl, AL
Burnt Corn, AL
Burnwell, AL
Butler, AL
Bynum, AL
Calvert, AL
Camden, AL
Camp Hill, AL
Campbell, AL
Capshaw, AL
Carbon Hill, AL
Cardiff, AL
Calera, AL
Carlton, AL
Carrollton, AL
Castleberry, AL
Catherine, AL
Cecil, AL
Cedar Bluff, AL
Centre, AL
Centreville, AL
Chancellor, AL
Chapman, AL
Chatom, AL
Cherokee, AL
Choccolocco, AL
Chunchula, AL
Citronelle, AL
Clanton, AL
Clay, AL
Clinton, AL
Clopton, AL
Cloverdale, AL
Coaling, AL
Coden, AL
Coffee Springs, AL
Coffeeville, AL
Coker, AL
Collinsville, AL
Columbia, AL
Cook Springs, AL
Coosada, AL
Cordova, AL
Cottondale, AL
Cottonton, AL
Cottonwood, AL
Courtland, AL
Cowarts, AL
Coy, AL
Cragford, AL
Crane Hill, AL
Creola, AL
Cromwell, AL
Cropwell, AL
Crossville, AL
Cuba, AL
Cullman, AL
Cusseta, AL
Dadeville, AL
Daleville, AL
Danville, AL
Dauphin Island, AL
Daviston, AL
Dawson, AL
De Armanville, AL
Deatsville, AL
Decatur, AL
Deer Park, AL
Delmar, AL
Delta, AL
Demopolis, AL
Detroit, AL
Dickinson, AL
Dixons Mills, AL
Docena, AL
Dolomite, AL
Dora, AL
Dothan, AL
Double Springs, AL
Douglas, AL
Dozier, AL
Duncanville, AL
Dutton, AL
East Tallassee, AL
Eastaboga, AL
Echola, AL
Eclectic, AL
Edwardsville, AL
Eight Mile, AL
Elba, AL
Eldridge, AL
Elkmont, AL
Elmore, AL
Elrod, AL
Emelle, AL
Empire, AL
Enterprise, AL
Epes, AL
Equality, AL
Estillfork, AL
Ethelsville, AL
Eutaw, AL
Eva, AL
Evergreen, AL
Excel, AL
Fackler, AL
Fairfield, AL
Falkville, AL
Faunsdale, AL
Fayette, AL
Fitzpatrick, AL
Five Points, AL
Flat Rock, AL
Flomaton, AL
Florala, AL
Florence, AL
Forest Home, AL
Forkland, AL
Fort Davis, AL
Fort Deposit, AL
Fort Mitchell, AL
Fort Payne, AL
Fort Rucker, AL
Fosters, AL
Franklin, AL
Frankville, AL
Frisco City, AL
Fruitdale, AL
Fruithurst, AL
Fulton, AL
Furman, AL
Fyffe, AL
Gadsden, AL
Gainestown, AL
Gainesville, AL
Gallant, AL
Gallion, AL
Gantt, AL
Garden City, AL
Gardendale, AL
Gaylesville, AL
Geneva, AL
Georgiana, AL
Geraldine, AL
Gilbertown, AL
Glen Allen, AL
Glenwood, AL
Goodsprings, AL
Goodwater, AL
Goodway, AL
Gordo, AL
Gordon, AL
Goshen, AL
Grady, AL
Graham, AL
Grand Bay, AL
Grant, AL
Green Pond, AL
Greensboro, AL
Greenville, AL
Grove Hill, AL
Groveoak, AL
Guin, AL
Guntersville, AL
Gurley, AL
Hackleburg, AL
Haleyville, AL
Hamilton, AL
Hanceville, AL
Hardaway, AL
Hartford, AL
Hartselle, AL
Harvest, AL
Hatchechubbee, AL
Hayden, AL
Hayneville, AL
Hazel Green, AL
Headland, AL
Heflin, AL
Helena, AL
Henagar, AL
Higdon, AL
Highland Home, AL
Hillsboro, AL
Hodges, AL
Holly Pond, AL
Hollytree, AL
Hollywood, AL
Holy Trinity, AL
Honoraville, AL
Hope Hull, AL
Horton, AL
Houston, AL
Huntsville, AL
Hurtsboro, AL
Huxford, AL
Ider, AL
Irvington, AL
Jachin, AL
Jack, AL
Jackson, AL
Jacksons Gap, AL
Jacksonville, AL
Jasper, AL
Jefferson, AL
Jemison, AL
Joppa, AL
Kansas, AL
Kellerman, AL
Kellyton, AL
Kennedy, AL
Kent, AL
Killen, AL
Kimberly, AL
Kinston, AL
Knoxville, AL
Laceys Spring, AL
Lafayette, AL
Lanett, AL
Langston, AL
Lapine, AL
Lawley, AL
Leeds, AL
Leesburg, AL
Leighton, AL
Lenox, AL
Leroy, AL
Lester, AL
Letohatchee, AL
Lexington, AL
Lincoln, AL
Linden, AL
Lisman, AL
Livingston, AL
Loachapoka, AL
Lockhart, AL
Locust Fork, AL
Logan, AL
Lower Peach Tree, AL
Lowndesboro, AL
Luverne, AL
Lynn, AL
Madison, AL
Magnolia, AL
Malcolm, AL
Malvern, AL
Maplesville, AL
Marion, AL
Marion Junction, AL
Mathews, AL
Maylene, AL
Mc Intosh, AL
Mc Kenzie, AL
Mc Shan, AL
Mc Williams, AL
Megargel, AL
Melvin, AL
Mentone, AL
Meridianville, AL
Mexia, AL
Midland City, AL
Midway, AL
Millbrook, AL
Millport, AL
Millry, AL
Minter, AL
Mobile, AL
Monroeville, AL
Montgomery, AL
Moody, AL
Mooresville, AL
Morris, AL
Morvin, AL
Moulton, AL
Moundville, AL
Mount Hope, AL
Mount Meigs, AL
Mount Olive, AL
Mount Vernon, AL
Mulga, AL
Muscadine, AL
Muscle Shoals, AL
Myrtlewood, AL
Nanafalia, AL
Natural Bridge, AL
Nauvoo, AL
Needham, AL
New Brockton, AL
New Castle, AL
New Hope, AL
New Market, AL
Newbern, AL
Newell, AL
Newton, AL
Newville, AL
Normal, AL
Northport, AL
Notasulga, AL
Oak Hill, AL
Oakman, AL
Odenville, AL
Opelika, AL
Opp, AL
Orrville, AL
Owens Cross Roads, AL
Oxford, AL
Ozark, AL
Paint Rock, AL
Palmerdale, AL
Panola, AL
Pansey, AL
Parrish, AL
Pelham, AL
Pennington, AL
Perdue Hill, AL
Perote, AL
Peterman, AL
Peterson, AL
Petrey, AL
Phenix City, AL
Phil Campbell, AL
Pike Road, AL
Pinckard, AL
Pine Apple, AL
Pine Hill, AL
Pine Level, AL
Pinson, AL
Pisgah, AL
Pittsview, AL
Plantersville, AL
Pleasant Grove, AL
Princeton, AL
Quinton, AL
Rainbow City, AL
Rainsville, AL
Ralph, AL
Ramer, AL
Ranburne, AL
Randolph, AL
Range, AL
Red Bay, AL
Red Level, AL
Reform, AL
