Abbeville, AL
Adamsville, AL
Alexandria, AL
Allgood, AL
Anniston, AL
Ashville, AL
Alabaster, AL
Bessemer, AL
Blountsville, AL
Chelsea, AL
Childersburg, AL
Cleveland, AL
Columbiana, AL
Fultondale, AL
Graysville, AL
Harpersville, AL
Hollins, AL
Lineville, AL
Margaret, AL
Mc Calla, AL
Millerville, AL
Montevallo, AL
Munford, AL
Ohatchee, AL
Oneonta, AL
Pell City, AL
Piedmont, AL
Ragland, AL
Remlap, AL
Riverside, AL
Roanoke, AL
Rockford, AL
Shelby, AL
Siluria, AL
Springville, AL
Steele, AL
Sterrett, AL
Sylacauga, AL
Talladega, AL
Trafford, AL
Trussville, AL
Vincent, AL
Wadley, AL
Warrior, AL
Wattsville, AL
Weaver, AL
Wedowee, AL
West Blocton, AL
Westover, AL
Wilsonville, AL
Wilton, AL
Woodland, AL
Woodstock, AL
